# ID,Prediction,OTHER,SP(Sec/SPI),CS Position
AF-A7UNK4-F1-model_v4,NO_SP,1.000033,0.000002,
AF-Q5KTN2-F1-model_v4,NO_SP,1.000071,0,
AF-D4AY62-F1-model_v4,NO_SP,0.997199,0.002817,
AF-Q1E8D2-F1-model_v4,SP,0.000206,0.999777,CS pos: 20-21. Pr: 0.9829
AF-Q1E8D2-F1-model_v4_2,SP,0.000206,0.999777,CS pos: 20-21. Pr: 0.9829
AF-C7ZLJ8-F1-model_v4,NO_SP,1.000069,0.000003,
AF-C7ZLJ8-F1-model_v4_2,NO_SP,1.000069,0.000003,
AF-A0A067TGY0-F1-model_v4,NO_SP,0.999722,0.000338,
AF-A0A137QU22-F1-model_v4,NO_SP,0.999402,0.000629,
AF-A0A137QU22-F1-model_v4_2,NO_SP,0.999402,0.000629,
AF-A0A094E4Z2-F1-model_v4,NO_SP,1.000033,0,
AF-A0A1B8AQW3-F1-model_v4,NO_SP,1.000049,0.000002,
AF-A0A4P9ZZN9-F1-model_v4,NO_SP,0.999836,0.000209,
AF-A0A4P9ZZN9-F1-model_v4_2,NO_SP,0.999836,0.000209,
AF-A0A6G1J3A6-F1-model_v4,NO_SP,1.000016,0.000031,
AF-A0A109FKV6-F1-model_v4,NO_SP,0.997254,0.002749,
AF-A0A1Y2EY68-F1-model_v4,NO_SP,0.997292,0.002713,
AF-A0A0C9V7P3-F1-model_v4,NO_SP,1.000063,0.000003,
AF-A0A0C9V7P3-F1-model_v4_2,NO_SP,1.000063,0.000003,
AF-A0A3N4J8G5-F1-model_v4,NO_SP,1.000068,0.000004,
AF-F9GAP4-F1-model_v4,NO_SP,1.000039,0,
AF-A0A3N4J8G5-F1-model_v4_2,NO_SP,1.000068,0.000004,
AF-A0A1Y2ETU3-F1-model_v4,NO_SP,0.992538,0.007477,
AF-A0A1Y2ETU3-F1-model_v4_2,NO_SP,0.992538,0.007477,
AF-A0A1Y3NQ72-F1-model_v4,NO_SP,1.000064,0,
AF-A0A367J110-F1-model_v4,NO_SP,1.000032,0.000014,
AF-A0A367J110-F1-model_v4_2,NO_SP,1.000032,0.000014,
AF-A0A0B7KMB5-F1-model_v4,NO_SP,1.000051,0.000001,
AF-A0A6A6SQ41-F1-model_v4,SP,0.000217,0.999758,CS pos: 20-21. Pr: 0.9785
AF-A0A067TGY0-F1-model_v4_2,NO_SP,0.999722,0.000338,
AF-A0A1B7NBU7-F1-model_v4,NO_SP,1.000026,0.000043,
AF-A0A015LUE2-F1-model_v4,NO_SP,1.000045,0,
AF-A0A316Z893-F1-model_v4,NO_SP,1.000081,0.000001,
AF-A0A1Y2TWA8-F1-model_v4,NO_SP,1.000002,0.000054,
AF-A0A316Z893-F1-model_v4_2,NO_SP,1.000081,0.000001,
AF-A0A1B8E6X3-F1-model_v4,SP,0.000237,0.999743,CS pos: 17-18. Pr: 0.9840
AF-A0A1Y3NQ72-F1-model_v4_2,NO_SP,1.000064,0,
AF-A0A316ZAF7-F1-model_v4,NO_SP,1.000046,0.000003,
AF-A0A1Y2EY68-F1-model_v4_2,NO_SP,0.997292,0.002713,
AF-A0A316ZAF7-F1-model_v4_2,NO_SP,1.000046,0.000003,
AF-G2YAH4-F1-model_v4,NO_SP,0.994765,0.005253,
AF-A0A1L7WQJ3-F1-model_v4,NO_SP,1.000004,0.000017,
AF-A0A6M7Z392-F1-model_v4,NO_SP,0.999894,0.000124,
AF-A0A0D7BN45-F1-model_v4,NO_SP,1.000029,0.000033,
AF-A0A0D7BN45-F1-model_v4_2,NO_SP,1.000029,0.000033,
AF-A0A165P7V0-F1-model_v4,NO_SP,0.999782,0.000269,
AF-A0A066WF48-F1-model_v4,NO_SP,1.00006,0,
AF-A0A165P7V0-F1-model_v4_2,NO_SP,0.999782,0.000269,
AF-A0A066WF48-F1-model_v4_2,NO_SP,1.00006,0,
AF-A0A409WSU9-F1-model_v4,NO_SP,1.000041,0,
AF-H0EYU1-F1-model_v4,NO_SP,1.000075,0.000001,
AF-A0A066V5U1-F1-model_v4,NO_SP,1.000023,0.000001,
AF-A0A0J0XN24-F1-model_v4,SP,0.000232,0.999729,CS pos: 17-18. Pr: 0.9765
AF-A0A507FCS0-F1-model_v4,SP,0.000204,0.999789,CS pos: 19-20. Pr: 0.7617
AF-A0A4Y7PH38-F1-model_v4,NO_SP,1.000047,0.000018,
AF-A0A2H3EBF3-F1-model_v4,SP,0.000307,0.999642,CS pos: 17-18. Pr: 0.9774
AF-A0A0L6VTD4-F1-model_v4,SP,0.000241,0.999718,CS pos: 22-23. Pr: 0.9670
AF-A0A2H3EBF3-F1-model_v4_2,SP,0.000307,0.999642,CS pos: 17-18. Pr: 0.9774
AF-A0A0D9P8P2-F1-model_v4,NO_SP,1.000041,0,
AF-A0A0D9P8P2-F1-model_v4_2,NO_SP,1.000041,0,
AF-A0A1Y2GIN2-F1-model_v4,NO_SP,1.000066,0,
AF-A0A1Y2GIN2-F1-model_v4_2,NO_SP,1.000066,0,
AF-A0A067Q9S4-F1-model_v4,SP,0.000202,0.999742,CS pos: 20-21. Pr: 0.9797
AF-A0A0C4F8Z2-F1-model_v4,SP,0.002761,0.997213,CS pos: 24-25. Pr: 0.8415
AF-A0A367KSP0-F1-model_v4,NO_SP,1.000067,0.000001,
AF-A0A0D1ZLH5-F1-model_v4,NO_SP,1.000059,0,
AF-A0A409WSU9-F1-model_v4_2,NO_SP,1.000041,0,
AF-A0A0C9V805-F1-model_v4,NO_SP,0.99008,0.009957,
AF-A0A0D2MA91-F1-model_v4,SP,0.000364,0.999626,CS pos: 20-21. Pr: 0.9740
AF-A0A067MUU3-F1-model_v4,SP,0.000365,0.99964,CS pos: 19-20. Pr: 0.9535
AF-A0A1Q3EMP8-F1-model_v4,NO_SP,0.993965,0.006065,
AF-A0A427XHJ5-F1-model_v4,SP,0.000463,0.999511,CS pos: 24-25. Pr: 0.5234
AF-A0A2Z6QPQ1-F1-model_v4,NO_SP,0.999841,0.000189,
AF-A0A367KSP0-F1-model_v4_2,NO_SP,1.000067,0.000001,
AF-M5G3X3-F1-model_v4,NO_SP,1.000069,0.000002,
AF-M5G3X3-F1-model_v4_2,NO_SP,1.000069,0.000002,
AF-A0A0C4F8Z2-F1-model_v4_2,SP,0.002761,0.997213,CS pos: 24-25. Pr: 0.8415
AF-A0A4P9Y3U7-F1-model_v4,SP,0.010412,0.989539,CS pos: 22-23. Pr: 0.9392
AF-A0A1X6ML50-F1-model_v4,NO_SP,0.998234,0.001776,
AF-A0A1X6ML50-F1-model_v4_2,NO_SP,0.998234,0.001776,
AF-A0A150V1J0-F1-model_v4,NO_SP,0.999761,0.000302,
AF-A0A507B5X1-F1-model_v4,NO_SP,0.999977,0.000037,
AF-A0A1X2ID29-F1-model_v4,NO_SP,1.000067,0.000008,
AF-A0A1X2ID29-F1-model_v4_2,NO_SP,1.000067,0.000008,
AF-A7UNK4-F1-model_v4_2,NO_SP,1.000033,0.000002,
AF-A0A2G5I358-F1-model_v4,SP,0.000253,0.999665,CS pos: 16-17. Pr: 0.9583
AF-A0A4Y7PQ55-F1-model_v4,NO_SP,1.000033,0.000012,
AF-B0E170-F1-model_v4,NO_SP,0.993032,0.007004,
AF-A0A0C4EZR7-F1-model_v4,NO_SP,0.998293,0.001733,
AF-B0E170-F1-model_v4_2,NO_SP,0.993032,0.007004,
AF-A0A0H2R2I2-F1-model_v4,NO_SP,0.998587,0.001443,
AF-A0A0C9W4G2-F1-model_v4,NO_SP,0.999882,0.000163,
AF-A0A0H2R2I2-F1-model_v4_2,NO_SP,0.998587,0.001443,
AF-A0A2S7QZ20-F1-model_v4,NO_SP,1.000069,0,
AF-E2LJS9-F1-model_v4,NO_SP,1.000054,0.000001,
AF-K2SE83-F1-model_v4,SP,0.000278,0.999682,CS pos: 27-28. Pr: 0.7503
AF-A0A0C9W4G2-F1-model_v4_2,NO_SP,0.999882,0.000163,
AF-X0IVL1-F1-model_v4,SP,0.000357,0.999621,CS pos: 18-19. Pr: 0.5760
AF-A0A067MUU3-F1-model_v4_2,SP,0.000365,0.99964,CS pos: 19-20. Pr: 0.9535
AF-A0A2S7NVD0-F1-model_v4,NO_SP,1.000069,0,
AF-A0A0J0XN24-F1-model_v4_2,SP,0.000232,0.999729,CS pos: 17-18. Pr: 0.9765
AF-E2LJS9-F1-model_v4_2,NO_SP,1.000054,0.000001,
AF-A0A2K0UUP6-F1-model_v4,NO_SP,1.000072,0,
AF-A0A0H2UF94-F1-model_v4,NO_SP,0.999835,0.000178,
AF-A0A166BA07-F1-model_v4,NO_SP,1.000054,0.000009,
AF-A0A0N7LB66-F1-model_v4,NO_SP,1.000053,0.000002,
AF-A0A0N7LB66-F1-model_v4_2,NO_SP,1.000053,0.000002,
AF-A0A238FC85-F1-model_v4,NO_SP,1.000043,0,
AF-A0A238FC85-F1-model_v4_2,NO_SP,1.000043,0,
AF-A0A1Q3EMP8-F1-model_v4_2,NO_SP,0.993965,0.006065,
AF-A0A5N7EZ44-F1-model_v4,NO_SP,0.996837,0.003169,
AF-A0A0C9LU65-F1-model_v4,NO_SP,0.999798,0.000209,
AF-A0A0C9LU65-F1-model_v4_2,NO_SP,0.999798,0.000209,
AF-A0A507EN87-F1-model_v4,NO_SP,1.000049,0.000001,
AF-A0A093ZW93-F1-model_v4,NO_SP,0.999817,0.000185,
AF-A0A6A6RT61-F1-model_v4,NO_SP,1.00006,0.000001,
AF-A0A1X2HGL1-F1-model_v4,SP,0.000267,0.9997,CS pos: 19-20. Pr: 0.9792
AF-A0A6A6DMB6-F1-model_v4,NO_SP,1.000056,0,
AF-A0A0C4EZR7-F1-model_v4_2,NO_SP,0.998293,0.001733,
AF-A0A093ZW93-F1-model_v4_2,NO_SP,0.999817,0.000185,
AF-E2L3C8-F1-model_v4,NO_SP,1.000063,0.000005,
AF-A0A109FCY2-F1-model_v4,NO_SP,1.000041,0.000011,
AF-A0A166BA07-F1-model_v4_2,NO_SP,1.000054,0.000009,
AF-A0A094AIR3-F1-model_v4,SP,0.000268,0.999706,CS pos: 29-30. Pr: 0.9069
AF-N4VKF1-F1-model_v4,SP,0.000857,0.999131,CS pos: 27-28. Pr: 0.8184
AF-A0A5C5G2K2-F1-model_v4,NO_SP,0.998882,0.001144,
AF-A0A5C5G2K2-F1-model_v4_2,NO_SP,0.998882,0.001144,
AF-M7TXD1-F1-model_v4,NO_SP,0.99887,0.001159,
AF-A0A094HNM2-F1-model_v4,NO_SP,0.999946,0.000055,
AF-A0A6A4I102-F1-model_v4,NO_SP,0.997865,0.002152,
AF-A0A1Y1VBN3-F1-model_v4,SP,0.000479,0.999474,CS pos: 19-20. Pr: 0.9562
AF-A0A1J9REZ4-F1-model_v4,NO_SP,0.999995,0.000015,
AF-A0A5N7API5-F1-model_v4,NO_SP,0.996837,0.003169,
AF-A0A0D0E2I8-F1-model_v4,NO_SP,1.000047,0.000001,
AF-A0A0B7KMB5-F1-model_v4_2,NO_SP,1.000051,0.000001,
AF-G9NB57-F1-model_v4,SP,0.000247,0.999737,CS pos: 25-26. Pr: 0.8967
AF-A0A150V1J0-F1-model_v4_2,NO_SP,0.999761,0.000302,
AF-A0A0D0E2I8-F1-model_v4_2,NO_SP,1.000047,0.000001,
AF-A0A427XHJ5-F1-model_v4_2,SP,0.000463,0.999511,CS pos: 24-25. Pr: 0.5234
AF-A0A177CJV0-F1-model_v4,NO_SP,1.000066,0,
AF-A0A316W166-F1-model_v4,NO_SP,0.812618,0.187393,
AF-A0A444RL89-F1-model_v4,NO_SP,1.000032,0,
AF-A0A1Y3NAX8-F1-model_v4,SP,0.00018,0.999835,CS pos: 18-19. Pr: 0.8879
AF-X0IXV2-F1-model_v4,SP,0.000464,0.999498,CS pos: 32-33. Pr: 0.9590
AF-A0A180G9Q6-F1-model_v4,SP,0.000288,0.999671,CS pos: 24-25. Pr: 0.9723
AF-A0A5C3MP91-F1-model_v4,SP,0.000249,0.999738,CS pos: 19-20. Pr: 0.9766
AF-A0A1Y3NAX8-F1-model_v4_2,SP,0.00018,0.999835,CS pos: 18-19. Pr: 0.8879
AF-A0A1J7I6Z8-F1-model_v4,SP,0.000198,0.999791,CS pos: 23-24. Pr: 0.9785
AF-A0A5C5G551-F1-model_v4,SP,0.00021,0.999755,CS pos: 20-21. Pr: 0.9797
AF-A0A094GC71-F1-model_v4,NO_SP,0.999652,0.000381,
AF-A0A0P7BM46-F1-model_v4,SP,0.000417,0.999541,CS pos: 14-15. Pr: 0.9737
AF-A0A5M3MTA2-F1-model_v4,SP,0.000233,0.999725,CS pos: 19-20. Pr: 0.9814
AF-A0A5M3MTA2-F1-model_v4_2,SP,0.000233,0.999725,CS pos: 19-20. Pr: 0.9814
AF-A0A178DIN7-F1-model_v4,NO_SP,0.996231,0.003782,
AF-A0A7S8DRF7-F1-model_v4,SP,0.000298,0.999665,CS pos: 21-22. Pr: 0.9742
AF-A0A194V7B3-F1-model_v4,NO_SP,1.00008,0,
AF-A0A550CUQ8-F1-model_v4,SP,0.000246,0.999728,CS pos: 18-19. Pr: 0.9187
AF-S3D2G7-F1-model_v4,NO_SP,0.996158,0.003857,
AF-A0A550CUQ8-F1-model_v4_2,SP,0.000246,0.999728,CS pos: 18-19. Pr: 0.9187
AF-A0A2G4SUD8-F1-model_v4,SP,0.0002,0.99978,CS pos: 21-22. Pr: 0.9814
AF-S8ADS7-F1-model_v4,NO_SP,0.60582,0.394174,
AF-A0A139HSB7-F1-model_v4,NO_SP,1.000039,0.000017,
AF-A0A2J5I6V3-F1-model_v4,SP,0.000212,0.999781,CS pos: 25-26. Pr: 0.9481
AF-S8ADS7-F1-model_v4_2,NO_SP,0.60582,0.394174,
AF-D8PLK0-F1-model_v4,SP,0.000255,0.999711,CS pos: 19-20. Pr: 0.9779
AF-D8PLK0-F1-model_v4_2,SP,0.000255,0.999711,CS pos: 19-20. Pr: 0.9779
AF-A0A0C3H453-F1-model_v4,NO_SP,0.988687,0.01133,
AF-A0A0D2XM95-F1-model_v4,NO_SP,1.000059,0,
AF-A0A2N5T3X1-F1-model_v4,NO_SP,1.000066,0.000001,
AF-A0A1B8DA48-F1-model_v4,NO_SP,1.00001,0.00004,
AF-A0A0B7KPK7-F1-model_v4,NO_SP,1.000056,0,
AF-A0A6A6YRI8-F1-model_v4,NO_SP,1.000048,0,
AF-A0A067MPR6-F1-model_v4,SP,0.000247,0.999748,CS pos: 15-16. Pr: 0.9593
AF-A0A0C4ETD8-F1-model_v4,SP,0.000413,0.999569,CS pos: 23-24. Pr: 0.9760
AF-A0A0C9M8A9-F1-model_v4,SP,0.000205,0.999764,CS pos: 24-25. Pr: 0.9812
AF-A0A0B1P0I6-F1-model_v4,NO_SP,1.000053,0,
AF-A0A229XUI9-F1-model_v4,SP,0.000415,0.999549,CS pos: 22-23. Pr: 0.9221
AF-A0A2J6TRD7-F1-model_v4,NO_SP,1.000035,0,
AF-E2L3C8-F1-model_v4_2,NO_SP,1.000063,0.000005,
AF-A0A4Q4QPQ5-F1-model_v4,SP,0.000269,0.999707,CS pos: 19-20. Pr: 0.9801
AF-A0A1Y3N509-F1-model_v4,SP,0.000252,0.999723,CS pos: 23-24. Pr: 0.9619
AF-A0A4Y7PQX3-F1-model_v4,SP,0.000254,0.999718,CS pos: 20-21. Pr: 0.9794
AF-A0A507CIY2-F1-model_v4,SP,0.00022,0.999748,CS pos: 19-20. Pr: 0.9752
AF-A0A316UHU3-F1-model_v4,NO_SP,1.000008,0.000039,
AF-A0A507C949-F1-model_v4,SP,0.000234,0.999709,CS pos: 19-20. Pr: 0.9781
AF-A0A1Y2DGP4-F1-model_v4,NO_SP,0.674239,0.325756,
AF-A0A163JUR5-F1-model_v4,NO_SP,1.000045,0.000004,
AF-A0A559M4V3-F1-model_v4,NO_SP,1.000061,0,
AF-A0A094DA97-F1-model_v4,NO_SP,1.000047,0.000004,
AF-A0A6A5W127-F1-model_v4,SP,0.000276,0.999707,CS pos: 23-24. Pr: 0.9797
AF-A0A420I6L5-F1-model_v4,NO_SP,1.000064,0,
AF-A0A433A0I0-F1-model_v4,SP,0.000206,0.999786,CS pos: 20-21. Pr: 0.9745
AF-A0A219AQW7-F1-model_v4,NO_SP,0.998689,0.001336,
AF-A0A4Q9PV63-F1-model_v4,NO_SP,1.00004,0.000012,
AF-A0A5B0MA28-F1-model_v4,SP,0.000292,0.999686,CS pos: 20-21. Pr: 0.9778
AF-A0A4Q9PV63-F1-model_v4_2,NO_SP,1.00004,0.000012,
AF-D8Q0P1-F1-model_v4,SP,0.05114,0.948834,CS pos: 20-21. Pr: 0.9046
AF-G1XSB4-F1-model_v4,SP,0.000286,0.999682,CS pos: 23-24. Pr: 0.9782
AF-A0A409XV56-F1-model_v4,SP,0.000291,0.999691,CS pos: 22-23. Pr: 0.9851
AF-A0A5J5F3E6-F1-model_v4,SP,0.000199,0.99975,CS pos: 18-19. Pr: 0.9759
AF-A0A5B0MA28-F1-model_v4_2,SP,0.000292,0.999686,CS pos: 20-21. Pr: 0.9778
AF-A0A7C8R8C7-F1-model_v4,SP,0.000286,0.999682,CS pos: 23-24. Pr: 0.9782
AF-A0A0L0VQH6-F1-model_v4,NO_SP,0.999989,0.000076,
AF-A0A067MDY7-F1-model_v4,SP,0.000575,0.999392,CS pos: 20-21. Pr: 0.9112
AF-A0A4Y7PQX3-F1-model_v4_2,SP,0.000254,0.999718,CS pos: 20-21. Pr: 0.9794
AF-G7E5E1-F1-model_v4,SP,0.000316,0.999667,CS pos: 17-18. Pr: 0.9379
AF-A0A1Y2DGP4-F1-model_v4_2,NO_SP,0.674239,0.325756,
AF-A0A2H3IS35-F1-model_v4,NO_SP,0.989992,0.01003,
AF-A0A067MDY7-F1-model_v4_2,SP,0.000575,0.999392,CS pos: 20-21. Pr: 0.9112
AF-A7F053-F1-model_v4,NO_SP,0.991514,0.008506,
AF-A0A6G1HUV5-F1-model_v4,SP,0.149135,0.850843,CS pos: 18-19. Pr: 0.7975
AF-A0A316VS52-F1-model_v4,NO_SP,0.995281,0.004742,
AF-A0A6A5W127-F1-model_v4_2,SP,0.000276,0.999707,CS pos: 23-24. Pr: 0.9797
AF-A0A0D0BFH4-F1-model_v4,SP,0.000229,0.999751,CS pos: 21-22. Pr: 0.9772
AF-A0A427XDL2-F1-model_v4,SP,0.00117,0.998785,CS pos: 32-33. Pr: 0.9654
AF-A0A5N5J9N7-F1-model_v4,SP,0.00019,0.999776,CS pos: 23-24. Pr: 0.9719
AF-K1WCN3-F1-model_v4,NO_SP,1.000048,0,
AF-A0A2Z6RFV8-F1-model_v4,SP,0.000214,0.999765,CS pos: 22-23. Pr: 0.9749
AF-A0A093Y011-F1-model_v4,SP,0.000249,0.999695,CS pos: 18-19. Pr: 0.9796
AF-T1UNA1-F1-model_v4,SP,0.000241,0.999734,CS pos: 21-22. Pr: 0.9794
AF-A0A095DCQ5-F1-model_v4,SP,0.000452,0.999523,CS pos: 17-18. Pr: 0.9783
AF-A8Q3A5-F1-model_v4,SP,0.000207,0.99979,CS pos: 24-25. Pr: 0.9803
AF-A0A6A6NUS6-F1-model_v4,SP,0.000232,0.999759,CS pos: 20-21. Pr: 0.9784
AF-A0A067MPR6-F1-model_v4_2,SP,0.000247,0.999748,CS pos: 15-16. Pr: 0.9593
AF-A0A178ABG6-F1-model_v4,SP,0.001736,0.998218,CS pos: 16-17. Pr: 0.9404
AF-A0A3A2ZNT2-F1-model_v4,NO_SP,0.999949,0.00009,
AF-A0A4Q4TK64-F1-model_v4,NO_SP,1.000052,0.000004,
AF-A0A094CGR7-F1-model_v4,NO_SP,0.995848,0.004167,
AF-A0A1Y2A992-F1-model_v4,SP,0.000204,0.999778,CS pos: 18-19. Pr: 0.9715
AF-K3VZG0-F1-model_v4,NO_SP,0.999735,0.000302,
AF-A0A428RY78-F1-model_v4,SP,0.000221,0.999757,CS pos: 19-20. Pr: 0.9811
AF-A0A366PNY6-F1-model_v4,NO_SP,1.000055,0,
AF-A0A2K0WKG1-F1-model_v4,SP,0.000357,0.999634,CS pos: 18-19. Pr: 0.9824
AF-A0A5B0NIU4-F1-model_v4,SP,0.000214,0.999743,CS pos: 19-20. Pr: 0.9690
AF-A0A428SRB0-F1-model_v4,SP,0.000242,0.999752,CS pos: 16-17. Pr: 0.9810
AF-A0A427XDL2-F1-model_v4_2,SP,0.00117,0.998785,CS pos: 32-33. Pr: 0.9654
AF-A0A4Q4U123-F1-model_v4,SP,0.000435,0.999542,CS pos: 25-26. Pr: 0.9599
AF-A0A0G2HTM2-F1-model_v4,SP,0.000284,0.99968,CS pos: 17-18. Pr: 0.8430
AF-A0A2H4SFE9-F1-model_v4,SP,0.000405,0.999559,CS pos: 16-17. Pr: 0.4272
AF-A0A0G2G9D8-F1-model_v4,SP,0.270709,0.729282,CS pos: 18-19. Pr: 0.6929
AF-A0A8A3P1M0-F1-model_v4,SP,0.000293,0.999696,CS pos: 26-27. Pr: 0.9356
AF-A0A507CIY2-F1-model_v4_2,SP,0.00022,0.999748,CS pos: 19-20. Pr: 0.9752
AF-F4RJ46-F1-model_v4,SP,0.000209,0.999757,CS pos: 21-22. Pr: 0.9797
AF-A0A094J514-F1-model_v4,SP,0.000304,0.999665,CS pos: 20-21. Pr: 0.9809
AF-T1UNA1-F1-model_v4_2,SP,0.000241,0.999734,CS pos: 21-22. Pr: 0.9794
AF-A0A2J6RPD6-F1-model_v4,SP,0.00029,0.999683,CS pos: 16-17. Pr: 0.9534
AF-U1HXY0-F1-model_v4,SP,0.000214,0.999739,CS pos: 20-21. Pr: 0.9786
AF-A0A2H4SFE9-F1-model_v4_2,SP,0.000405,0.999559,CS pos: 16-17. Pr: 0.4272
AF-A0A5N6W2P1-F1-model_v4,SP,0.000277,0.999703,CS pos: 18-19. Pr: 0.9710
AF-A0A446BNC5-F1-model_v4,NO_SP,1.000044,0.000002,
AF-A0A0M8MTF6-F1-model_v4,SP,0.000245,0.999748,CS pos: 26-27. Pr: 0.9074
AF-A0A3F3QIP5-F1-model_v4,SP,0.000226,0.999763,CS pos: 23-24. Pr: 0.9740
AF-V2XSV2-F1-model_v4,SP,0.000208,0.999769,CS pos: 20-21. Pr: 0.9751
AF-A0A4P9Y3U7-F1-model_v4_2,SP,0.010412,0.989539,CS pos: 22-23. Pr: 0.9392
AF-A0A364MRS7-F1-model_v4,NO_SP,1.000026,0.000004,
AF-A0A8A3P1M0-F1-model_v4_2,SP,0.000293,0.999696,CS pos: 26-27. Pr: 0.9356
AF-A0A433PDZ4-F1-model_v4,SP,0.000225,0.999769,CS pos: 23-24. Pr: 0.9735
AF-A0A0C3HQA5-F1-model_v4,SP,0.000197,0.999789,CS pos: 18-19. Pr: 0.9838
AF-A0A507C949-F1-model_v4_2,SP,0.000234,0.999709,CS pos: 19-20. Pr: 0.9781
AF-A0A094H189-F1-model_v4,SP,0.000201,0.99979,CS pos: 19-20. Pr: 0.9802
AF-A0A074YIK5-F1-model_v4,SP,0.00043,0.999527,CS pos: 18-19. Pr: 0.9745
AF-A0A066W5S0-F1-model_v4,NO_SP,1.000033,0.000001,
AF-A0A0D0BFH4-F1-model_v4_2,SP,0.000229,0.999751,CS pos: 21-22. Pr: 0.9772
AF-A0A0F7U2X6-F1-model_v4,NO_SP,1.000073,0,
AF-A0A1L9RST0-F1-model_v4,SP,0.000383,0.99957,CS pos: 17-18. Pr: 0.9751
AF-A0A1G4ARB7-F1-model_v4,SP,0.000264,0.999722,CS pos: 29-30. Pr: 0.6694
AF-A0A5C6T253-F1-model_v4,NO_SP,1.000052,0,
AF-A0A4V4HDQ8-F1-model_v4,SP,0.014523,0.985444,CS pos: 41-42. Pr: 0.8554
AF-W9PH19-F1-model_v4,NO_SP,1.000057,0,
AF-G7E6B9-F1-model_v4,SP,0.000224,0.999737,CS pos: 18-19. Pr: 0.9715
AF-E3L4V4-F1-model_v4,NO_SP,0.999998,0.000031,
AF-A0A1L9WF54-F1-model_v4,SP,0.000223,0.999734,CS pos: 16-17. Pr: 0.9728
AF-A0A5N7BHJ5-F1-model_v4,SP,0.000253,0.999731,CS pos: 17-18. Pr: 0.9778
AF-A0A366S133-F1-model_v4,NO_SP,1.000023,0.000029,
AF-A0A5N5KJC0-F1-model_v4,SP,0.476602,0.523394,CS pos: 48-49. Pr: 0.3668
AF-A0A1E1M3V6-F1-model_v4,NO_SP,1.000053,0,
AF-A0A1Y2A992-F1-model_v4_2,SP,0.000204,0.999778,CS pos: 18-19. Pr: 0.9715
AF-A0A1G4ARB7-F1-model_v4_2,SP,0.000264,0.999722,CS pos: 29-30. Pr: 0.6694
AF-A0A165Y9T3-F1-model_v4,SP,0.000258,0.999724,CS pos: 28-29. Pr: 0.3430
AF-A0A3M7NSE0-F1-model_v4,NO_SP,1.000061,0,
AF-A0A427XE07-F1-model_v4,SP,0.000723,0.999229,CS pos: 32-33. Pr: 0.9708
AF-A0A4P9WPM3-F1-model_v4,SP,0.000224,0.99974,CS pos: 23-24. Pr: 0.5102
AF-W7HT04-F1-model_v4,SP,0.000993,0.999003,CS pos: 22-23. Pr: 0.9649
AF-A0A0N8H7M9-F1-model_v4,SP,0.000242,0.999735,CS pos: 20-21. Pr: 0.9809
AF-A0A2J6QI93-F1-model_v4,SP,0.000244,0.999738,CS pos: 24-25. Pr: 0.9740
AF-A0A067MIN1-F1-model_v4,SP,0.000254,0.999723,CS pos: 19-20. Pr: 0.9507
AF-A0A2T4CH24-F1-model_v4,NO_SP,1.000033,0.000004,
AF-A0A074YIK5-F1-model_v4_2,SP,0.00043,0.999527,CS pos: 18-19. Pr: 0.9745
AF-A0A409WNZ9-F1-model_v4,SP,0.001816,0.998182,CS pos: 21-22. Pr: 0.9440
AF-A0A6A6TI25-F1-model_v4,NO_SP,0.727662,0.272352,
AF-A0A0C4ETD8-F1-model_v4_2,SP,0.000413,0.999569,CS pos: 23-24. Pr: 0.9760
AF-A0A409XSN2-F1-model_v4,SP,0.000264,0.999723,CS pos: 22-23. Pr: 0.9711
AF-A0A0J9VHW5-F1-model_v4,NO_SP,1.000056,0,
AF-A0A1Y1XL48-F1-model_v4,SP,0.000205,0.999774,CS pos: 21-22. Pr: 0.9743
AF-A0A1Y1XL48-F1-model_v4_2,SP,0.000205,0.999774,CS pos: 21-22. Pr: 0.9743
AF-A0A077WHF9-F1-model_v4,SP,0.000212,0.999761,CS pos: 20-21. Pr: 0.9787
AF-A0A420TIK6-F1-model_v4,NO_SP,1.000057,0,
AF-A0A6A6NUS6-F1-model_v4_2,SP,0.000232,0.999759,CS pos: 20-21. Pr: 0.9784
AF-A0A7U2IC20-F1-model_v4,SP,0.000286,0.999675,CS pos: 19-20. Pr: 0.9725
AF-A0A1Y2VSX6-F1-model_v4,NO_SP,1.000061,0.000012,
AF-N1S5R5-F1-model_v4,SP,0.000261,0.999708,CS pos: 19-20. Pr: 0.9671
AF-A0A094FJT8-F1-model_v4,SP,0.000202,0.999762,CS pos: 19-20. Pr: 0.9763
AF-A0A2H3JL28-F1-model_v4,SP,0.000219,0.99974,CS pos: 20-21. Pr: 0.9796
AF-A0A3D8S5N2-F1-model_v4,SP,0.000296,0.999648,CS pos: 20-21. Pr: 0.9765
AF-A0A4Y7TUM7-F1-model_v4,SP,0.317157,0.682823,CS pos: 28-29. Pr: 0.5851
AF-A0A2N5UF69-F1-model_v4,SP,0.000317,0.999664,CS pos: 22-23. Pr: 0.9732
AF-A0A0M8MTF6-F1-model_v4_2,SP,0.000245,0.999748,CS pos: 26-27. Pr: 0.9074
AF-A0A2V1BEL9-F1-model_v4,NO_SP,0.998928,0.001097,
AF-A0A6M7YTJ2-F1-model_v4,SP,0.000825,0.999163,CS pos: 19-20. Pr: 0.9622
AF-A0A517L1K9-F1-model_v4,SP,0.000875,0.99908,CS pos: 26-27. Pr: 0.8267
AF-A0A1R1XGS3-F1-model_v4,NO_SP,0.951664,0.048354,
AF-A0A395RLM4-F1-model_v4,NO_SP,1.000053,0,
AF-A0A6A6DA69-F1-model_v4,SP,0.001451,0.998527,CS pos: 19-20. Pr: 0.9450
AF-A0A1R1XGS3-F1-model_v4_2,NO_SP,0.951664,0.048354,
AF-F9FQ77-F1-model_v4,SP,0.000298,0.999666,CS pos: 16-17. Pr: 0.9534
AF-A0A094E3L9-F1-model_v4,NO_SP,1.000087,0,
AF-E3QKH1-F1-model_v4,SP,0.00216,0.997803,CS pos: 23-24. Pr: 0.9141
AF-A0A1E3JG85-F1-model_v4,SP,0.000406,0.999547,CS pos: 16-17. Pr: 0.9783
AF-A0A4Z1PHZ7-F1-model_v4,NO_SP,0.994125,0.005927,
AF-A0A0L0VQG7-F1-model_v4,NO_SP,0.999638,0.000405,
AF-W9YXU6-F1-model_v4,SP,0.000244,0.999734,CS pos: 18-19. Pr: 0.9784
AF-A0A1Y2CBD2-F1-model_v4,SP,0.000257,0.999731,CS pos: 18-19. Pr: 0.9759
AF-A0A2J6QI93-F1-model_v4_2,SP,0.000244,0.999738,CS pos: 24-25. Pr: 0.9740
AF-W3WJG9-F1-model_v4,SP,0.000311,0.999651,CS pos: 26-27. Pr: 0.8987
AF-A0A7R8AQH8-F1-model_v4,SP,0.000311,0.999693,CS pos: 19-20. Pr: 0.9484
AF-A0A1D9PWX6-F1-model_v4,SP,0.000286,0.999685,CS pos: 26-27. Pr: 0.8543
AF-A0A2S4UM61-F1-model_v4,NO_SP,1.000014,0.000025,
AF-G2QMV1-F1-model_v4,SP,0.00029,0.999683,CS pos: 18-19. Pr: 0.9801
AF-S3CWG7-F1-model_v4,NO_SP,1.000051,0,
AF-A0A2S4UM61-F1-model_v4_2,NO_SP,1.000014,0.000025,
AF-A0A180GXC9-F1-model_v4,NO_SP,1.000007,0.000044,
AF-A0A180GXC9-F1-model_v4_2,NO_SP,1.000007,0.000044,
AF-A0A511K6X0-F1-model_v4,SP,0.000248,0.99972,CS pos: 18-19. Pr: 0.9816
AF-A0A0L0URE9-F1-model_v4,NO_SP,1.00005,0.000007,
AF-A0A0L0URE9-F1-model_v4_2,NO_SP,1.00005,0.000007,
AF-A0A0L0VQG7-F1-model_v4_2,NO_SP,0.999638,0.000405,
AF-A0A365MYN4-F1-model_v4,NO_SP,1.000031,0,
AF-A0A3M7JZN8-F1-model_v4,NO_SP,0.999683,0.000348,
AF-V2YVG2-F1-model_v4,SP,0.000404,0.999561,CS pos: 16-17. Pr: 0.9659
AF-G3JUS4-F1-model_v4,SP,0.000251,0.999732,CS pos: 22-23. Pr: 0.9462
AF-A0A0H2S3E5-F1-model_v4,SP,0.000289,0.999704,CS pos: 22-23. Pr: 0.9776
AF-H6QPZ4-F1-model_v4,NO_SP,1.000034,0.000002,
AF-H6QPZ4-F1-model_v4_2,NO_SP,1.000034,0.000002,
AF-A0A6A6EY62-F1-model_v4,SP,0.0003,0.999674,CS pos: 29-30. Pr: 0.4568
AF-A0A1Y2M5V1-F1-model_v4,SP,0.000211,0.999766,CS pos: 22-23. Pr: 0.9789
AF-A0A365MQ14-F1-model_v4,NO_SP,0.99993,0.000086,
AF-A0A0W0FTX2-F1-model_v4,SP,0.000214,0.999778,CS pos: 21-22. Pr: 0.9801
AF-W9J6Q2-F1-model_v4,NO_SP,1.000037,0,
AF-A0A4Q4M3W3-F1-model_v4,SP,0.000244,0.999734,CS pos: 19-20. Pr: 0.9726
AF-A0A1S1VXZ3-F1-model_v4,NO_SP,1.000074,0.000001,
AF-A0A094B990-F1-model_v4,SP,0.000218,0.999734,CS pos: 17-18. Pr: 0.9691
AF-N1J7F3-F1-model_v4,SP,0.295942,0.704054,CS pos: 30-31. Pr: 0.7026
AF-F9FQ77-F1-model_v4_2,SP,0.000298,0.999666,CS pos: 16-17. Pr: 0.9534
AF-A0A6A4GJR5-F1-model_v4,SP,0.001073,0.998908,CS pos: 21-22. Pr: 0.9786
AF-A0A1D9PWX6-F1-model_v4_2,SP,0.000286,0.999685,CS pos: 26-27. Pr: 0.8543
AF-G2YPQ4-F1-model_v4,NO_SP,1.00005,0.000002,
AF-F4R723-F1-model_v4,SP,0.000209,0.99978,CS pos: 18-19. Pr: 0.9775
AF-A0A2S4V4U3-F1-model_v4,NO_SP,1.000012,0.000001,
AF-A0A2H3JL28-F1-model_v4_2,SP,0.000219,0.99974,CS pos: 20-21. Pr: 0.9796
AF-A0A834SGL6-F1-model_v4,SP,0.000241,0.999747,CS pos: 16-17. Pr: 0.9707
AF-A0A319CIN4-F1-model_v4,SP,0.000575,0.999395,CS pos: 16-17. Pr: 0.9685
AF-A0A0C9YEL3-F1-model_v4,SP,0.022883,0.977072,CS pos: 22-23. Pr: 0.9174
AF-A0A5J5F480-F1-model_v4,SP,0.00027,0.999729,CS pos: 18-19. Pr: 0.9759
AF-A0A1Y2CBD2-F1-model_v4_2,SP,0.000257,0.999731,CS pos: 18-19. Pr: 0.9759
AF-A0A2S4V4U3-F1-model_v4_2,NO_SP,1.000012,0.000001,
AF-A0A6A6QK96-F1-model_v4,NO_SP,0.999978,0.000069,
AF-A0A2T9ZKQ4-F1-model_v4,NO_SP,1.000064,0,
AF-A0A2I2FK15-F1-model_v4,SP,0.000262,0.99971,CS pos: 19-20. Pr: 0.9824
AF-A0A2T9ZKQ4-F1-model_v4_2,NO_SP,1.000064,0,
AF-A0A139ITE9-F1-model_v4,SP,0.000188,0.999767,CS pos: 22-23. Pr: 0.9798
AF-V2YVG2-F1-model_v4_2,SP,0.000404,0.999561,CS pos: 16-17. Pr: 0.9659
AF-A0A067MZ72-F1-model_v4,SP,0.000211,0.999759,CS pos: 19-20. Pr: 0.9628
AF-C7Z895-F1-model_v4,NO_SP,0.999743,0.000294,
AF-A0A4Y7TUM7-F1-model_v4_2,SP,0.317157,0.682823,CS pos: 28-29. Pr: 0.5851
AF-A0A6A6UCK9-F1-model_v4,SP,0.284028,0.715958,CS pos: 23-24. Pr: 0.6567
AF-A0A0C9YEL3-F1-model_v4_2,SP,0.022883,0.977072,CS pos: 22-23. Pr: 0.9174
AF-A0A4Q2V9R4-F1-model_v4,SP,0.028681,0.971286,CS pos: 19-20. Pr: 0.5670
AF-A0A834SGL6-F1-model_v4_2,SP,0.000241,0.999747,CS pos: 16-17. Pr: 0.9707
AF-A0A015NA85-F1-model_v4,NO_SP,1.00006,0.000006,
AF-A0A6A5XR06-F1-model_v4,NO_SP,1.000003,0.000001,
AF-W3WJG9-F1-model_v4_2,SP,0.000311,0.999651,CS pos: 26-27. Pr: 0.8987
AF-V2XKJ0-F1-model_v4,SP,0.001211,0.998762,CS pos: 18-19. Pr: 0.9742
AF-A0A180GAB0-F1-model_v4,NO_SP,0.999952,0.000087,
AF-A0A093YFG2-F1-model_v4,NO_SP,1.000061,0,
AF-A0A409Y3C5-F1-model_v4,SP,0.000385,0.999578,CS pos: 21-22. Pr: 0.8233
AF-A0A165XJC3-F1-model_v4,SP,0.000293,0.999688,CS pos: 21-22. Pr: 0.9775
AF-A0A077WB33-F1-model_v4,SP,0.000403,0.999573,CS pos: 26-27. Pr: 0.9760
AF-A0A180GAB0-F1-model_v4_2,NO_SP,0.999952,0.000087,
AF-A0A2T3A4D5-F1-model_v4,SP,0.00026,0.999704,CS pos: 30-31. Pr: 0.8818
AF-A0A7J6J6X1-F1-model_v4,NO_SP,1.00004,0.000002,
AF-A0A0L0H749-F1-model_v4,SP,0.00024,0.999745,CS pos: 27-28. Pr: 0.7388
AF-A0A165H3D8-F1-model_v4,NO_SP,0.73253,0.267482,
AF-W9Q3I7-F1-model_v4,NO_SP,0.999465,0.000536,
AF-A0A5C3R2G0-F1-model_v4,SP,0.000351,0.999609,CS pos: 22-23. Pr: 0.9756
AF-G9MWP7-F1-model_v4,SP,0.000228,0.999743,CS pos: 17-18. Pr: 0.9641
AF-A0A2S6CL56-F1-model_v4,SP,0.000229,0.999747,CS pos: 21-22. Pr: 0.9810
AF-G2YCF2-F1-model_v4,NO_SP,1.000022,0.000003,
AF-A0A5C3R2G0-F1-model_v4_2,SP,0.000351,0.999609,CS pos: 22-23. Pr: 0.9756
AF-V2XKJ0-F1-model_v4_2,SP,0.001211,0.998762,CS pos: 18-19. Pr: 0.9742
AF-A0A067MZ72-F1-model_v4_2,SP,0.000211,0.999759,CS pos: 19-20. Pr: 0.9628
AF-A0A0D2GTA1-F1-model_v4,NO_SP,1.000074,0,
AF-A0A197JI53-F1-model_v4,NO_SP,0.983139,0.016847,
AF-G9N487-F1-model_v4,SP,0.000202,0.999746,CS pos: 19-20. Pr: 0.9786
AF-A0A177C357-F1-model_v4,NO_SP,0.962055,0.037967,
AF-W7E9W4-F1-model_v4,SP,0.00035,0.999637,CS pos: 18-19. Pr: 0.9785
AF-A0A2S6CL56-F1-model_v4_2,SP,0.000229,0.999747,CS pos: 21-22. Pr: 0.9810
AF-A0A4Q2V9R4-F1-model_v4_2,SP,0.028681,0.971286,CS pos: 19-20. Pr: 0.5670
AF-A0A178ABG6-F1-model_v4_2,SP,0.001736,0.998218,CS pos: 16-17. Pr: 0.9404
AF-C8VN07-F1-model_v4,SP,0.000194,0.999767,CS pos: 25-26. Pr: 0.7153
AF-B6QHD0-F1-model_v4,SP,0.002652,0.997302,CS pos: 21-22. Pr: 0.9531
AF-M2ZZ79-F1-model_v4,NO_SP,0.509363,0.490626,
AF-H9CDN2-F1-model_v4,SP,0.00035,0.999604,CS pos: 15-16. Pr: 0.9358
AF-A0A3N4HYU8-F1-model_v4,SP,0.000261,0.999714,CS pos: 31-32. Pr: 0.3862
AF-A0A1V6QPN8-F1-model_v4,NO_SP,1.000083,0.000006,
AF-A0A6A6SHH9-F1-model_v4,SP,0.000254,0.999703,CS pos: 18-19. Pr: 0.9751
AF-A0A1J7IYY2-F1-model_v4,NO_SP,1.000065,0,
AF-A0A7C8MGZ6-F1-model_v4,NO_SP,1.000053,0,
AF-A0A550C8X7-F1-model_v4,SP,0.00025,0.999733,CS pos: 19-20. Pr: 0.9679
AF-W9NPA0-F1-model_v4,NO_SP,1.000054,0.000001,
AF-V2XSV2-F1-model_v4_2,SP,0.000208,0.999769,CS pos: 20-21. Pr: 0.9751
AF-A0A0D2MA91-F1-model_v4_2,SP,0.000364,0.999626,CS pos: 20-21. Pr: 0.9740
AF-H9CDN2-F1-model_v4_2,SP,0.00035,0.999604,CS pos: 15-16. Pr: 0.9358
AF-A0A7H8R7A9-F1-model_v4,SP,0.000211,0.999781,CS pos: 16-17. Pr: 0.9791
AF-A0A094KDJ1-F1-model_v4,NO_SP,1.000063,0.000001,
AF-A0A2T3A4D5-F1-model_v4_2,SP,0.00026,0.999704,CS pos: 30-31. Pr: 0.8818
AF-A0A1L7W1H6-F1-model_v4,NO_SP,1.00005,0.000001,
AF-A0A7T6XR96-F1-model_v4,NO_SP,1.000079,0,
AF-A0A420TI11-F1-model_v4,NO_SP,1.00006,0,
AF-A0A3D8RXB7-F1-model_v4,SP,0.000231,0.99977,CS pos: 19-20. Pr: 0.9760
AF-A0A5B0NIU4-F1-model_v4_2,SP,0.000214,0.999743,CS pos: 19-20. Pr: 0.9690
AF-A0A369JT40-F1-model_v4,SP,0.00035,0.999617,CS pos: 20-21. Pr: 0.9429
AF-G2YYI2-F1-model_v4,NO_SP,1.000045,0.000001,
AF-A0A1Y3MWJ4-F1-model_v4,SP,0.000237,0.999758,CS pos: 20-21. Pr: 0.9745
AF-K5WL21-F1-model_v4,SP,0.000207,0.999737,CS pos: 18-19. Pr: 0.9620
AF-N1J7F3-F1-model_v4_2,SP,0.295942,0.704054,CS pos: 30-31. Pr: 0.7026
AF-K3VR31-F1-model_v4,SP,0.000301,0.999685,CS pos: 24-25. Pr: 0.7525
AF-A0A067MPC7-F1-model_v4,SP,0.000332,0.999634,CS pos: 20-21. Pr: 0.9383
AF-A0A5C3MP91-F1-model_v4_2,SP,0.000249,0.999738,CS pos: 19-20. Pr: 0.9766
AF-M2ZZ79-F1-model_v4_2,NO_SP,0.509363,0.490626,
AF-A0A6A5V3X0-F1-model_v4,SP,0.000211,0.99975,CS pos: 22-23. Pr: 0.9791
AF-A0A1V6UHW7-F1-model_v4,SP,0.000296,0.999679,CS pos: 18-19. Pr: 0.9721
AF-A0A1E1KY97-F1-model_v4,SP,0.000234,0.999739,CS pos: 27-28. Pr: 0.9077
AF-A0A7H8R7A9-F1-model_v4_2,SP,0.000211,0.999781,CS pos: 16-17. Pr: 0.9791
AF-A0A559L2U1-F1-model_v4,NO_SP,1.000049,0.000001,
AF-A0A139IGT1-F1-model_v4,SP,0.000234,0.999734,CS pos: 21-22. Pr: 0.9777
AF-A0A6A6W945-F1-model_v4,NO_SP,0.997531,0.002508,
AF-A0A179HTM2-F1-model_v4,SP,0.00026,0.999699,CS pos: 20-21. Pr: 0.9728
AF-M9LU52-F1-model_v4,SP,0.000342,0.99964,CS pos: 24-25. Pr: 0.9696
AF-A0A6A5KDY7-F1-model_v4,SP,0.000225,0.999749,CS pos: 16-17. Pr: 0.9741
AF-W9PFM2-F1-model_v4,NO_SP,1.000053,0,
AF-A0A0A1TRY9-F1-model_v4,SP,0.000401,0.999586,CS pos: 18-19. Pr: 0.9554
AF-A0A0W0FTX2-F1-model_v4_2,SP,0.000214,0.999778,CS pos: 21-22. Pr: 0.9801
AF-A0A139IGT1-F1-model_v4_2,SP,0.000234,0.999734,CS pos: 21-22. Pr: 0.9777
AF-A0A484F6H2-F1-model_v4,NO_SP,1.000087,0,
AF-A0A1X2G250-F1-model_v4,SP,0.00027,0.999691,CS pos: 21-22. Pr: 0.9737
AF-A0A2R2Z4Q3-F1-model_v4,SP,0.000333,0.999621,CS pos: 19-20. Pr: 0.9177
AF-A0A428NTD4-F1-model_v4,NO_SP,1.000042,0,
AF-A0A2S4UZ07-F1-model_v4,SP,0.000219,0.999759,CS pos: 24-25. Pr: 0.9676
AF-A0A0C4ELG3-F1-model_v4,SP,0.003525,0.996428,CS pos: 20-21. Pr: 0.9105
AF-A0A2S4UZ07-F1-model_v4_2,SP,0.000219,0.999759,CS pos: 24-25. Pr: 0.9676
AF-A0A5C3KZU7-F1-model_v4,SP,0.001041,0.998926,CS pos: 35-36. Pr: 0.4933
AF-F4R723-F1-model_v4_2,SP,0.000209,0.99978,CS pos: 18-19. Pr: 0.9775
AF-A0A0C4ELG3-F1-model_v4_2,SP,0.003525,0.996428,CS pos: 20-21. Pr: 0.9105
AF-A0A0B7NK65-F1-model_v4,SP,0.000279,0.99968,CS pos: 20-21. Pr: 0.9849
AF-A0A317XKI2-F1-model_v4,NO_SP,1.00002,0.000007,
AF-A0A0B7NK65-F1-model_v4_2,SP,0.000279,0.99968,CS pos: 20-21. Pr: 0.9849
AF-A0A6A6JED0-F1-model_v4,SP,0.00028,0.999733,CS pos: 28-29. Pr: 0.9370
AF-E3JXA9-F1-model_v4,NO_SP,1.000045,0.000002,
AF-A0A5C3KZU7-F1-model_v4_2,SP,0.001041,0.998926,CS pos: 35-36. Pr: 0.4933
AF-A0A4Z1FSH2-F1-model_v4,SP,0.000372,0.999601,CS pos: 18-19. Pr: 0.9743
AF-A0A1Y1UP96-F1-model_v4,SP,0.000434,0.999554,CS pos: 21-22. Pr: 0.9722
AF-A0A317XKI2-F1-model_v4_2,NO_SP,1.00002,0.000007,
AF-A0A367KR55-F1-model_v4,SP,0.000205,0.99977,CS pos: 23-24. Pr: 0.9795
AF-W9I3J2-F1-model_v4,NO_SP,0.990788,0.009235,
AF-A0A2N1JEQ9-F1-model_v4,SP,0.00023,0.999751,CS pos: 30-31. Pr: 0.6323
AF-A0A1M2VP78-F1-model_v4,SP,0.00023,0.99977,CS pos: 26-27. Pr: 0.9371
AF-A0A6A6ZGK9-F1-model_v4,SP,0.000243,0.999714,CS pos: 16-17. Pr: 0.9808
AF-A0A409YS61-F1-model_v4,SP,0.000271,0.999706,CS pos: 23-24. Pr: 0.9748
AF-E3JXA9-F1-model_v4_2,NO_SP,1.000045,0.000002,
AF-A0A6A6AZF2-F1-model_v4,SP,0.000238,0.999733,CS pos: 22-23. Pr: 0.9772
AF-A0A507DCY1-F1-model_v4,SP,0.000315,0.999653,CS pos: 18-19. Pr: 0.9663
AF-A0A4P7N9E1-F1-model_v4,SP,0.000266,0.999704,CS pos: 19-20. Pr: 0.9722
AF-A0A2C5ZXS9-F1-model_v4,NO_SP,1.000034,0.000008,
AF-A0A5C3NNL5-F1-model_v4,SP,0.000338,0.999658,CS pos: 23-24. Pr: 0.9780
AF-A0A3D8QBU0-F1-model_v4,SP,0.000242,0.999743,CS pos: 25-26. Pr: 0.9392
AF-A0A550C8X7-F1-model_v4_2,SP,0.00025,0.999733,CS pos: 19-20. Pr: 0.9679
AF-A0A0S7DTA8-F1-model_v4,SP,0.000199,0.999794,CS pos: 17-18. Pr: 0.9810
AF-A0A1Y2VQ86-F1-model_v4,NO_SP,0.999922,0.0001,
AF-A0A0M8MV41-F1-model_v4,SP,0.000252,0.999722,CS pos: 18-19. Pr: 0.9735
AF-E3QKH1-F1-model_v4_2,SP,0.00216,0.997803,CS pos: 23-24. Pr: 0.9141
AF-B0D404-F1-model_v4,NO_SP,1.00005,0.000003,
AF-C7Z895-F1-model_v4_2,NO_SP,0.999743,0.000294,
AF-A0A4Q4UG46-F1-model_v4,SP,0,1.000041,CS pos: 18-19. Pr: 0.9927
AF-A0A179GJ77-F1-model_v4,SP,0.000312,0.999684,CS pos: 19-20. Pr: 0.9742
AF-A0A4Z0YL53-F1-model_v4,SP,0.000558,0.999412,CS pos: 22-23. Pr: 0.9736
AF-A0A6G1ILT3-F1-model_v4,SP,0.000264,0.999734,CS pos: 16-17. Pr: 0.9792
AF-A0A409WDQ9-F1-model_v4,SP,0.00059,0.999383,CS pos: 23-24. Pr: 0.9724
AF-A0A179GJ77-F1-model_v4_2,SP,0.000312,0.999684,CS pos: 19-20. Pr: 0.9742
AF-A0A428Q817-F1-model_v4,NO_SP,1.000062,0,
AF-A0A3D8RXB7-F1-model_v4_2,SP,0.000231,0.99977,CS pos: 19-20. Pr: 0.9760
AF-A0A8A3NZN5-F1-model_v4,SP,0.000194,0.999784,CS pos: 21-22. Pr: 0.9798
AF-A0A4Y7TPU1-F1-model_v4,SP,0.000489,0.999476,CS pos: 18-19. Pr: 0.9734
AF-A0A6A5KDY7-F1-model_v4_2,SP,0.000225,0.999749,CS pos: 16-17. Pr: 0.9741
AF-A0A2N1JEQ9-F1-model_v4_2,SP,0.00023,0.999751,CS pos: 30-31. Pr: 0.6323
AF-A0A1B8FNN2-F1-model_v4,NO_SP,1.000059,0.000002,
AF-A0A094F0V6-F1-model_v4,SP,0.000238,0.99973,CS pos: 17-18. Pr: 0.9707
AF-B0D3J9-F1-model_v4,SP,0.000354,0.999621,CS pos: 20-21. Pr: 0.9691
AF-A0A6A6J9D4-F1-model_v4,SP,0.00025,0.999709,CS pos: 18-19. Pr: 0.9751
AF-A0A6A6EEB4-F1-model_v4,NO_SP,0.992666,0.007362,
AF-A0A2H3IEP6-F1-model_v4,SP,0.000193,0.999796,CS pos: 24-25. Pr: 0.9746
AF-A0A197JI53-F1-model_v4_2,NO_SP,0.983139,0.016847,
AF-U9U501-F1-model_v4,SP,0.000222,0.999743,CS pos: 19-20. Pr: 0.9781
AF-A0A6A6VKY7-F1-model_v4,SP,0.000609,0.999353,CS pos: 22-23. Pr: 0.9687
AF-A0A5B0N3D8-F1-model_v4,NO_SP,0.999505,0.000551,
AF-A0A2N5U4F2-F1-model_v4,SP,0.00021,0.999751,CS pos: 23-24. Pr: 0.9340
AF-A0A2I1CRU5-F1-model_v4,SP,0.000229,0.999743,CS pos: 23-24. Pr: 0.9794
AF-A0A0J0XE65-F1-model_v4,SP,0.000226,0.99976,CS pos: 15-16. Pr: 0.9761
AF-W3WW00-F1-model_v4,NO_SP,1.000067,0,
AF-B0D3J9-F1-model_v4_2,SP,0.000354,0.999621,CS pos: 20-21. Pr: 0.9691
AF-A0A2I1CRU5-F1-model_v4_2,SP,0.000229,0.999743,CS pos: 23-24. Pr: 0.9794
AF-A0A6H0XQY3-F1-model_v4,NO_SP,1.000077,0,
AF-A0A137NRB1-F1-model_v4,SP,0.139951,0.860017,CS pos: 18-19. Pr: 0.7849
AF-A0A6A6ZFG4-F1-model_v4,SP,0.000364,0.999604,CS pos: 21-22. Pr: 0.9775
AF-A0A1E1LG60-F1-model_v4,SP,0.000229,0.999741,CS pos: 24-25. Pr: 0.9623
AF-A0A5C3FBU2-F1-model_v4,SP,0.000501,0.999472,CS pos: 36-37. Pr: 0.9057
AF-T0K699-F1-model_v4,SP,0.000352,0.999644,CS pos: 27-28. Pr: 0.8343
AF-A0A4Q4QPQ5-F1-model_v4_2,SP,0.000269,0.999707,CS pos: 19-20. Pr: 0.9801
AF-A0A5B0RG06-F1-model_v4,NO_SP,1.000043,0.000002,
AF-A0A6A6S229-F1-model_v4,NO_SP,0.999495,0.000536,
AF-A0A165J7P8-F1-model_v4,SP,0.00027,0.999697,CS pos: 23-24. Pr: 0.9659
AF-A0A1J8QE97-F1-model_v4,SP,0.000526,0.999466,CS pos: 21-22. Pr: 0.9620
AF-A0A0D2XKJ4-F1-model_v4,NO_SP,1.00007,0,
AF-A0A5C3KA52-F1-model_v4,SP,0.000528,0.999437,CS pos: 20-21. Pr: 0.9775
AF-A0A6A5VH66-F1-model_v4,SP,0.000256,0.999737,CS pos: 19-20. Pr: 0.9774
AF-A0A2S4UZ03-F1-model_v4,NO_SP,1.000026,0.000016,
AF-A0A2S4UI38-F1-model_v4,NO_SP,0.999875,0.000121,
AF-A0A1Y2FCK5-F1-model_v4,SP,0.00018,0.999769,CS pos: 18-19. Pr: 0.9832
AF-C7Z009-F1-model_v4,NO_SP,0.998416,0.00164,
AF-A0A4Y7TQH7-F1-model_v4,SP,0.002081,0.99788,CS pos: 30-31. Pr: 0.6452
AF-A0A6A6JED0-F1-model_v4_2,SP,0.00028,0.999733,CS pos: 28-29. Pr: 0.9370
AF-A0A177C6V1-F1-model_v4,SP,0.000306,0.999673,CS pos: 19-20. Pr: 0.9755
AF-A0A5N6TXN2-F1-model_v4,SP,0.000248,0.999712,CS pos: 20-21. Pr: 0.9663
AF-G7E6B9-F1-model_v4_2,SP,0.000224,0.999737,CS pos: 18-19. Pr: 0.9715
AF-A0A6A6TRB3-F1-model_v4,SP,0.00018,0.999801,CS pos: 21-22. Pr: 0.5910
AF-A0A4Y7TQH7-F1-model_v4_2,SP,0.002081,0.99788,CS pos: 30-31. Pr: 0.6452
AF-A0A162UH15-F1-model_v4,SP,0.003093,0.996884,CS pos: 22-23. Pr: 0.9401
AF-A0A0S1MJ39-F1-model_v4,NO_SP,1.00005,0.000006,
AF-A0A165JVT1-F1-model_v4,SP,0.000214,0.999746,CS pos: 21-22. Pr: 0.9633
AF-J4GJ09-F1-model_v4,SP,0.00077,0.999195,CS pos: 22-23. Pr: 0.9260
AF-A0A0N0V4Z0-F1-model_v4,SP,0.000246,0.999737,CS pos: 20-21. Pr: 0.9784
AF-A0A4P6XNI9-F1-model_v4,SP,0.006977,0.992993,CS pos: 19-20. Pr: 0.9463
AF-A0A3D8QBU0-F1-model_v4_2,SP,0.000242,0.999743,CS pos: 25-26. Pr: 0.9392
AF-A0A1M2VMU8-F1-model_v4,SP,0.001208,0.998758,CS pos: 19-20. Pr: 0.9638
AF-A0A1Y2DRE2-F1-model_v4,SP,0.000354,0.999636,CS pos: 18-19. Pr: 0.9452
AF-A0A168MQY9-F1-model_v4,NO_SP,1.000057,0.000005,
AF-A0A166W1K2-F1-model_v4,SP,0.216885,0.783099,CS pos: 19-20. Pr: 0.6894
AF-T0K699-F1-model_v4_2,SP,0.000352,0.999644,CS pos: 27-28. Pr: 0.8343
AF-A0A2V5HBQ8-F1-model_v4,NO_SP,0.999983,0.000046,
AF-A0A0S1MJ39-F1-model_v4_2,NO_SP,1.00005,0.000006,
AF-A0A1E1KY97-F1-model_v4_2,SP,0.000234,0.999739,CS pos: 27-28. Pr: 0.9077
AF-A0A094DX51-F1-model_v4,SP,0.000285,0.999687,CS pos: 19-20. Pr: 0.9739
AF-N1Q5E8-F1-model_v4,SP,0.000211,0.999751,CS pos: 22-23. Pr: 0.9718
AF-A0A094FBW1-F1-model_v4,SP,0.000232,0.999727,CS pos: 17-18. Pr: 0.9767
AF-A0A094CBB6-F1-model_v4,SP,0.000303,0.999683,CS pos: 21-22. Pr: 0.9812
AF-A0A1V6N778-F1-model_v4,NO_SP,0.999297,0.000733,
AF-S8A459-F1-model_v4,SP,0.000236,0.999745,CS pos: 17-18. Pr: 0.9762
AF-M5FVD5-F1-model_v4,SP,0.00031,0.999672,CS pos: 37-38. Pr: 0.9696
AF-K5W8Y1-F1-model_v4,SP,0.00044,0.999554,CS pos: 22-23. Pr: 0.9745
AF-S0EB69-F1-model_v4,NO_SP,1.000039,0,
AF-A0A067PAS6-F1-model_v4,SP,0.000667,0.999295,CS pos: 18-19. Pr: 0.9754
AF-A0A0D2NN66-F1-model_v4,SP,0.000433,0.999536,CS pos: 21-22. Pr: 0.9717
AF-A0A077WB33-F1-model_v4_2,SP,0.000403,0.999573,CS pos: 26-27. Pr: 0.9760
AF-A0A2B7YEZ6-F1-model_v4,SP,0.000243,0.999721,CS pos: 18-19. Pr: 0.9826
AF-A0A2T4AF96-F1-model_v4,NO_SP,1.000044,0,
AF-A0A4Z0YI40-F1-model_v4,SP,0.000195,0.999778,CS pos: 21-22. Pr: 0.9769
AF-A0A0G2F073-F1-model_v4,NO_SP,0.998682,0.001309,
AF-A0A067PAS6-F1-model_v4_2,SP,0.000667,0.999295,CS pos: 18-19. Pr: 0.9754
AF-K5XMZ4-F1-model_v4,SP,0.000343,0.999625,CS pos: 34-35. Pr: 0.9228
AF-A0A150UQ05-F1-model_v4,SP,0.004501,0.995451,CS pos: 21-22. Pr: 0.8310
AF-A0A7C8I3I9-F1-model_v4,SP,0.000281,0.999695,CS pos: 34-35. Pr: 0.3889
AF-A0A1X2G250-F1-model_v4_2,SP,0.00027,0.999691,CS pos: 21-22. Pr: 0.9737
AF-A0A7J6IZF4-F1-model_v4,NO_SP,0.9999,0.000108,
AF-A0A427YDE1-F1-model_v4,SP,0.00021,0.999773,CS pos: 16-17. Pr: 0.9786
AF-A0A5M8PY82-F1-model_v4,NO_SP,1.000046,0.000001,
AF-A0A168MQY9-F1-model_v4_2,NO_SP,1.000057,0.000005,
AF-A0A0N0V4Z0-F1-model_v4_2,SP,0.000246,0.999737,CS pos: 20-21. Pr: 0.9784
AF-A0A0P7ALI4-F1-model_v4,SP,0.000262,0.999709,CS pos: 21-22. Pr: 0.9672
AF-A0A1Y2VAL5-F1-model_v4,SP,0.000215,0.999738,CS pos: 19-20. Pr: 0.9792
AF-A0A2B7XQU9-F1-model_v4,SP,0.000295,0.999684,CS pos: 23-24. Pr: 0.9807
AF-A0A6A6BNV2-F1-model_v4,NO_SP,1.000104,0,
AF-A0A179H2D4-F1-model_v4,SP,0.000268,0.999725,CS pos: 30-31. Pr: 0.4913
AF-A0A6A5RSH6-F1-model_v4,SP,0.000334,0.999649,CS pos: 19-20. Pr: 0.9728
AF-A0A4S4L1H6-F1-model_v4,SP,0.000626,0.999339,CS pos: 27-28. Pr: 0.9758
AF-A0A0D2NN66-F1-model_v4_2,SP,0.000433,0.999536,CS pos: 21-22. Pr: 0.9717
AF-A0A0I9XJ39-F1-model_v4,SP,0.000276,0.999701,CS pos: 25-26. Pr: 0.9680
AF-A0A4Z0YE94-F1-model_v4,SP,0.000282,0.99971,CS pos: 16-17. Pr: 0.9417
AF-A0A4Q0A3S7-F1-model_v4,SP,0,1.000064,CS pos: 17-18. Pr: 0.9961
AF-A0A4Z1FRG2-F1-model_v4,NO_SP,0.997005,0.003028,
AF-Q5B8X2-F1-model_v4,SP,0.000205,0.999748,CS pos: 26-27. Pr: 0.9579
AF-A0A4V5NHU1-F1-model_v4,SP,0.000264,0.999705,CS pos: 16-17. Pr: 0.9805
AF-A0A137NRB1-F1-model_v4_2,SP,0.139951,0.860017,CS pos: 18-19. Pr: 0.7849
AF-J4H0U3-F1-model_v4,SP,0.000559,0.999406,CS pos: 25-26. Pr: 0.9807
AF-A0A397H9I5-F1-model_v4,SP,0.000222,0.999722,CS pos: 17-18. Pr: 0.9776
AF-A0A0B4FCB3-F1-model_v4,SP,0.000237,0.999736,CS pos: 19-20. Pr: 0.9826
AF-A0A4Y7TPU1-F1-model_v4_2,SP,0.000489,0.999476,CS pos: 18-19. Pr: 0.9734
AF-A0A4S4L1H6-F1-model_v4_2,SP,0.000626,0.999339,CS pos: 27-28. Pr: 0.9758
AF-A0A010RNQ5-F1-model_v4,SP,0.000235,0.999752,CS pos: 20-21. Pr: 0.9793
AF-A0A4Y9ZED6-F1-model_v4,SP,0.000306,0.999687,CS pos: 23-24. Pr: 0.9752
AF-A0A2S4UZ03-F1-model_v4_2,NO_SP,1.000026,0.000016,
AF-A0A3M7FAD8-F1-model_v4,SP,0.001065,0.998914,CS pos: 35-36. Pr: 0.4396
AF-A0A366SAJ5-F1-model_v4,SP,0.000287,0.999709,CS pos: 18-19. Pr: 0.9781
AF-A0A4S2MW76-F1-model_v4,SP,0.00906,0.990907,CS pos: 20-21. Pr: 0.8109
AF-A0A430M7X9-F1-model_v4,SP,0.00026,0.999738,CS pos: 20-21. Pr: 0.9759
AF-A0A428NUP9-F1-model_v4,SP,0.000317,0.99968,CS pos: 21-22. Pr: 0.9729
AF-A0A4Q4TR87-F1-model_v4,NO_SP,1.000076,0,
AF-A0A7C8Q938-F1-model_v4,NO_SP,1.000051,0,
AF-A0A316YWJ2-F1-model_v4,SP,0.000222,0.999756,CS pos: 23-24. Pr: 0.9608
AF-A0A3M7FAD8-F1-model_v4_2,SP,0.001065,0.998914,CS pos: 35-36. Pr: 0.4396
AF-A0A316YWJ2-F1-model_v4_2,SP,0.000222,0.999756,CS pos: 23-24. Pr: 0.9608
AF-A0A6A6SJI2-F1-model_v4,NO_SP,0.98794,0.012096,
AF-W3WZW0-F1-model_v4,SP,0.000215,0.999751,CS pos: 25-26. Pr: 0.9738
AF-M5C3M2-F1-model_v4,NO_SP,1.000064,0.000001,
AF-A0A4V4HCZ3-F1-model_v4,SP,0.00025,0.99972,CS pos: 26-27. Pr: 0.9747
AF-A0A2N5U4F2-F1-model_v4_2,SP,0.00021,0.999751,CS pos: 23-24. Pr: 0.9340
AF-A0A061APF8-F1-model_v4,SP,0.000455,0.999496,CS pos: 20-21. Pr: 0.9712
AF-A0A4Q4WDW0-F1-model_v4,SP,0.000232,0.999734,CS pos: 19-20. Pr: 0.9813
AF-A0A2V1E2L1-F1-model_v4,SP,0.002724,0.997248,CS pos: 22-23. Pr: 0.9586
AF-A0A395RVW8-F1-model_v4,SP,0.000207,0.999786,CS pos: 22-23. Pr: 0.9805
AF-A0A4S9HGL1-F1-model_v4,SP,0.00031,0.999656,CS pos: 21-22. Pr: 0.9831
AF-A0A4S9MEH9-F1-model_v4,SP,0.000334,0.999648,CS pos: 21-22. Pr: 0.9843
AF-A0A4S4LQW9-F1-model_v4,SP,0.000284,0.999676,CS pos: 20-21. Pr: 0.9783
AF-A0A369JT40-F1-model_v4_2,SP,0.00035,0.999617,CS pos: 20-21. Pr: 0.9429
AF-A0A4V4HCZ3-F1-model_v4_2,SP,0.00025,0.99972,CS pos: 26-27. Pr: 0.9747
AF-A0A3M2SIC3-F1-model_v4,NO_SP,1.000033,0,
AF-M5C3M2-F1-model_v4_2,NO_SP,1.000064,0.000001,
AF-A0A409YS61-F1-model_v4_2,SP,0.000271,0.999706,CS pos: 23-24. Pr: 0.9748
AF-A0A7C8JV81-F1-model_v4,NO_SP,1.000044,0.000001,
AF-A0A2S4UEZ6-F1-model_v4,SP,0.00024,0.999707,CS pos: 19-20. Pr: 0.9692
AF-A0A0D0DZ62-F1-model_v4,SP,0.000184,0.9998,CS pos: 19-20. Pr: 0.9809
AF-A0A7C8I3I9-F1-model_v4_2,SP,0.000281,0.999695,CS pos: 34-35. Pr: 0.3889
AF-A0A3D8RSQ6-F1-model_v4,NO_SP,1.000064,0,
AF-A0A5C3R4A4-F1-model_v4,SP,0.000288,0.99968,CS pos: 21-22. Pr: 0.9832
AF-A0A409YVL7-F1-model_v4,SP,0.00045,0.999509,CS pos: 22-23. Pr: 0.9611
AF-A0A401GJW2-F1-model_v4,SP,0.000445,0.999506,CS pos: 24-25. Pr: 0.9646
AF-A0A409YVL7-F1-model_v4_2,SP,0.00045,0.999509,CS pos: 22-23. Pr: 0.9611
AF-A0A286UN63-F1-model_v4,SP,0.00023,0.999743,CS pos: 20-21. Pr: 0.9810
AF-A0A1G4AQ17-F1-model_v4,NO_SP,1.000069,0,
AF-A0A8A3PLP2-F1-model_v4,SP,0.000228,0.999741,CS pos: 21-22. Pr: 0.9786
AF-S8A459-F1-model_v4_2,SP,0.000236,0.999745,CS pos: 17-18. Pr: 0.9762
AF-A0A1X2HGL1-F1-model_v4_2,SP,0.000267,0.9997,CS pos: 19-20. Pr: 0.9792
AF-A0A395RNG0-F1-model_v4,SP,0.000196,0.999788,CS pos: 20-21. Pr: 0.9745
AF-A0A6A6CHJ1-F1-model_v4,SP,0.001015,0.998957,CS pos: 21-22. Pr: 0.9591
AF-A0A6G1K1L7-F1-model_v4,SP,0.000342,0.999637,CS pos: 22-23. Pr: 0.9752
AF-A0A0P7B6I9-F1-model_v4,SP,0.000269,0.999702,CS pos: 20-21. Pr: 0.9795
AF-A0A6A5YVT2-F1-model_v4,SP,0.000211,0.999767,CS pos: 26-27. Pr: 0.9643
AF-A0A1Y2TM60-F1-model_v4,NO_SP,1.000049,0,
AF-A0A4S4LQW9-F1-model_v4_2,SP,0.000284,0.999676,CS pos: 20-21. Pr: 0.9783
AF-A0A4Y9ZED6-F1-model_v4_2,SP,0.000306,0.999687,CS pos: 23-24. Pr: 0.9752
AF-A0A2H3DRQ3-F1-model_v4,SP,0.000219,0.99976,CS pos: 20-21. Pr: 0.9765
AF-A0A2T3Z673-F1-model_v4,SP,0.001622,0.998347,CS pos: 18-19. Pr: 0.9445
AF-A0A1Y6LTJ0-F1-model_v4,NO_SP,0.70767,0.292326,
AF-J4H0U3-F1-model_v4_2,SP,0.000559,0.999406,CS pos: 25-26. Pr: 0.9807
AF-A0A2I1BYM1-F1-model_v4,SP,0.000191,0.999788,CS pos: 21-22. Pr: 0.9783
AF-A0A066VGB6-F1-model_v4,SP,0.000251,0.99974,CS pos: 22-23. Pr: 0.9005
AF-A0A4S9MEH9-F1-model_v4_2,SP,0.000334,0.999648,CS pos: 21-22. Pr: 0.9843
AF-A0A1V1TCA6-F1-model_v4,NO_SP,1.000067,0.000001,
AF-A0A1C1CDI9-F1-model_v4,NO_SP,0.999878,0.000129,
AF-A0A175WGW5-F1-model_v4,NO_SP,1.000063,0,
AF-A0A1C1CDI9-F1-model_v4_2,NO_SP,0.999878,0.000129,
AF-A0A175VQT3-F1-model_v4,NO_SP,1.000054,0,
AF-A0A175VRI7-F1-model_v4,NO_SP,1.000006,0.000043,
AF-A0A1C1CQ00-F1-model_v4,NO_SP,1.000044,0.000003,
AF-A0A175VZ46-F1-model_v4,NO_SP,1.000051,0.000009,
AF-A0A175VMP5-F1-model_v4,NO_SP,1.000086,0.000001,
AF-A0A1C1CAT6-F1-model_v4,NO_SP,1.000039,0,
AF-A0A0D2F206-F1-model_v4,NO_SP,1.000057,0.000001,
AF-A0A175VYR5-F1-model_v4,SP,0.000194,0.999762,CS pos: 19-20. Pr: 0.9763
AF-A0A0D2H9R1-F1-model_v4,NO_SP,1.000071,0,
AF-A0A175WGV5-F1-model_v4,NO_SP,1.000071,0,
AF-A0A0D2G9C0-F1-model_v4,NO_SP,1.000049,0.000003,
AF-A0A175W315-F1-model_v4,NO_SP,1.000043,0,
AF-U7PR63-F1-model_v4,NO_SP,1.000047,0,
AF-A0A1C1CQS0-F1-model_v4,NO_SP,1.000062,0,
AF-A0A0D2DT08-F1-model_v4,NO_SP,1.000059,0,
AF-A0A175VZK1-F1-model_v4,NO_SP,1.000071,0,
AF-A0A175VZF5-F1-model_v4,SP,0.000204,0.999758,CS pos: 18-19. Pr: 0.9765
AF-A0A175W7W2-F1-model_v4,SP,0.000188,0.999781,CS pos: 19-20. Pr: 0.9756
AF-A0A175W4H2-F1-model_v4,NO_SP,0.999644,0.000376,
AF-A0A1C1CDK0-F1-model_v4,NO_SP,1.000029,0.000012,
AF-U7Q4H5-F1-model_v4,NO_SP,1.000048,0.000001,
AF-A0A1C1CWG4-F1-model_v4,NO_SP,1.000053,0.000001,
AF-A0A0D2GTA1-F1-model_v4_2,NO_SP,1.000074,0,
AF-C0NMB2-F1-model_v4,SP,0.000231,0.999754,CS pos: 20-21. Pr: 0.9842
AF-A0A0D2GCN2-F1-model_v4,NO_SP,1.000057,0,
AF-A0A175VT18-F1-model_v4,NO_SP,1.000063,0,
AF-C1GRD6-F1-model_v4,SP,0.002137,0.997835,CS pos: 17-18. Pr: 0.9590
AF-A0A175VU86-F1-model_v4,NO_SP,1.00008,0,
AF-C0NS76-F1-model_v4,SP,0.000206,0.999774,CS pos: 21-22. Pr: 0.9794
AF-A0A0D2FCS7-F1-model_v4,NO_SP,0.999957,0.000054,
